nodes, 20.0, edges, 43.0, epochs, -1, time, 155.0968053340912
nodes, 20.0, edges, 43.0, epochs, 0, time, 163.78831958770752
nodes, 20.0, edges, 43.0, epochs, 1, time, 156.6537528038025
nodes, 20.0, edges, 43.0, epochs, 2, time, 173.31470131874084
nodes, 20.0, edges, 43.0, epochs, 3, time, 175.79658389091492
nodes, 20.0, edges, 43.0, epochs, 4, time, 173.27904272079468
nodes, 20.0, edges, 43.0, epochs, 5, time, 171.92045664787292
nodes, 20.0, edges, 43.0, epochs, 6, time, 171.5847451686859
nodes, 20.0, edges, 43.0, epochs, 7, time, 169.97844076156616
nodes, 20.0, edges, 43.0, epochs, 8, time, 170.04147458076477
nodes, 20.0, edges, 43.0, epochs, 9, time, 168.526132106781
nodes, 20.0, edges, 43.0, epochs, 10, time, 166.68355464935303
nodes, 20.0, edges, 43.0, epochs, 11, time, 170.56701135635376
nodes, 20.0, edges, 43.0, epochs, 12, time, 171.83976292610168
nodes, 20.0, edges, 43.0, epochs, 13, time, 177.8898160457611
nodes, 20.0, edges, 43.0, epochs, 14, time, 179.39256811141968
nodes, 20.0, edges, 43.0, epochs, 15, time, 167.90549778938293
nodes, 20.0, edges, 43.0, epochs, 16, time, 161.50245213508606
nodes, 20.0, edges, 43.0, epochs, 17, time, 161.84139466285706
nodes, 20.0, edges, 43.0, epochs, 18, time, 160.68792390823364
nodes, 20.0, edges, 43.0, epochs, 19, time, 158.94337701797485
nodes, 20.0, edges, 43.0, epochs, 20, time, 160.99026823043823
nodes, 20.0, edges, 43.0, epochs, 21, time, 159.1674144268036
nodes, 20.0, edges, 43.0, epochs, 22, time, 160.93213510513306
nodes, 20.0, edges, 43.0, epochs, 23, time, 157.3613088130951
nodes, 20.0, edges, 43.0, epochs, 24, time, 158.79224467277527
nodes, 20.0, edges, 43.0, epochs, 25, time, 164.55698227882385
nodes, 20.0, edges, 43.0, epochs, 26, time, 163.71292662620544
nodes, 20.0, edges, 43.0, epochs, 27, time, 166.19900155067444
nodes, 20.0, edges, 43.0, epochs, 28, time, 167.15141129493713
nodes, 20.0, edges, 43.0, epochs, 29, time, 206.0764238834381
nodes, 20.0, edges, 37.0, epochs, -1, time, 110.48565673828125
nodes, 20.0, edges, 37.0, epochs, 0, time, 114.48748707771301
nodes, 20.0, edges, 37.0, epochs, 1, time, 114.76991391181946
nodes, 20.0, edges, 37.0, epochs, 2, time, 114.98008584976196
nodes, 20.0, edges, 37.0, epochs, 3, time, 113.72908091545105
nodes, 20.0, edges, 37.0, epochs, 4, time, 115.17678809165955
nodes, 20.0, edges, 37.0, epochs, 5, time, 115.26121115684509
nodes, 20.0, edges, 37.0, epochs, 6, time, 115.31329607963562
nodes, 20.0, edges, 37.0, epochs, 7, time, 114.92593955993652
nodes, 20.0, edges, 37.0, epochs, 8, time, 114.81920075416565
nodes, 20.0, edges, 37.0, epochs, 9, time, 114.94449210166931
nodes, 20.0, edges, 37.0, epochs, 10, time, 116.19508790969849
nodes, 20.0, edges, 37.0, epochs, 11, time, 115.47683787345886
nodes, 20.0, edges, 37.0, epochs, 12, time, 112.485999584198
nodes, 20.0, edges, 37.0, epochs, 13, time, 101.88870215415955
nodes, 20.0, edges, 37.0, epochs, 14, time, 95.5930483341217
nodes, 20.0, edges, 37.0, epochs, 15, time, 94.54913306236267
nodes, 20.0, edges, 37.0, epochs, 16, time, 90.49261021614075
nodes, 20.0, edges, 37.0, epochs, 17, time, 88.35588145256042
nodes, 20.0, edges, 37.0, epochs, 18, time, 88.11278009414673
nodes, 20.0, edges, 37.0, epochs, 19, time, 89.87243890762329
nodes, 20.0, edges, 37.0, epochs, 20, time, 87.96151876449585
nodes, 20.0, edges, 37.0, epochs, 21, time, 87.7430431842804
nodes, 20.0, edges, 37.0, epochs, 22, time, 88.40062665939331
nodes, 20.0, edges, 37.0, epochs, 23, time, 87.11421394348145
nodes, 20.0, edges, 37.0, epochs, 24, time, 96.99624252319336
nodes, 20.0, edges, 37.0, epochs, 25, time, 106.94559931755066
nodes, 20.0, edges, 37.0, epochs, 26, time, 110.14959955215454
nodes, 20.0, edges, 37.0, epochs, 27, time, 110.10810995101929
nodes, 20.0, edges, 37.0, epochs, 28, time, 110.10650849342346
nodes, 20.0, edges, 37.0, epochs, 29, time, 136.680011510849
nodes, 20.0, edges, 42.0, epochs, -1, time, 138.70663356781006
nodes, 20.0, edges, 42.0, epochs, 0, time, 161.43281817436218
nodes, 20.0, edges, 42.0, epochs, 1, time, 172.49235081672668
nodes, 20.0, edges, 42.0, epochs, 2, time, 170.51423740386963
nodes, 20.0, edges, 42.0, epochs, 3, time, 166.90781426429749
nodes, 20.0, edges, 42.0, epochs, 4, time, 166.6503505706787
nodes, 20.0, edges, 42.0, epochs, 5, time, 151.2948088645935
nodes, 20.0, edges, 42.0, epochs, 6, time, 139.87355875968933
nodes, 20.0, edges, 42.0, epochs, 7, time, 139.47261810302734
nodes, 20.0, edges, 42.0, epochs, 8, time, 137.76727771759033
nodes, 20.0, edges, 42.0, epochs, 9, time, 135.05514073371887
nodes, 20.0, edges, 42.0, epochs, 10, time, 129.81947374343872
nodes, 20.0, edges, 42.0, epochs, 11, time, 119.83789443969727
nodes, 20.0, edges, 42.0, epochs, 12, time, 117.60762929916382
nodes, 20.0, edges, 42.0, epochs, 13, time, 117.81987714767456
nodes, 20.0, edges, 42.0, epochs, 14, time, 116.07785367965698
nodes, 20.0, edges, 42.0, epochs, 15, time, 114.72022247314453
nodes, 20.0, edges, 42.0, epochs, 16, time, 117.03916430473328
nodes, 20.0, edges, 42.0, epochs, 17, time, 124.48607850074768
nodes, 20.0, edges, 42.0, epochs, 18, time, 146.84826755523682
nodes, 20.0, edges, 42.0, epochs, 19, time, 147.0977909564972
nodes, 20.0, edges, 42.0, epochs, 20, time, 147.2973337173462
nodes, 20.0, edges, 42.0, epochs, 21, time, 148.72877264022827
nodes, 20.0, edges, 42.0, epochs, 22, time, 147.09694647789001
nodes, 20.0, edges, 42.0, epochs, 23, time, 146.79902482032776
nodes, 20.0, edges, 42.0, epochs, 24, time, 146.44955348968506
nodes, 20.0, edges, 42.0, epochs, 25, time, 146.8599817752838
nodes, 20.0, edges, 42.0, epochs, 26, time, 146.67060351371765
nodes, 20.0, edges, 42.0, epochs, 27, time, 146.7016224861145
nodes, 20.0, edges, 42.0, epochs, 28, time, 146.90312218666077
nodes, 20.0, edges, 42.0, epochs, 29, time, 185.5552942752838
nodes, 20.0, edges, 43.0, epochs, -1, time, 162.81087636947632
nodes, 20.0, edges, 43.0, epochs, 0, time, 181.7393925189972
nodes, 20.0, edges, 43.0, epochs, 1, time, 173.1770215034485
nodes, 20.0, edges, 43.0, epochs, 2, time, 164.78380179405212
nodes, 20.0, edges, 43.0, epochs, 3, time, 153.40908217430115
nodes, 20.0, edges, 43.0, epochs, 4, time, 144.5318248271942
nodes, 20.0, edges, 43.0, epochs, 5, time, 151.8822727203369
nodes, 20.0, edges, 43.0, epochs, 6, time, 150.29770636558533
nodes, 20.0, edges, 43.0, epochs, 7, time, 150.14676880836487
nodes, 20.0, edges, 43.0, epochs, 8, time, 176.70837306976318
nodes, 20.0, edges, 43.0, epochs, 9, time, 177.0953140258789
nodes, 20.0, edges, 43.0, epochs, 10, time, 180.48123979568481
nodes, 20.0, edges, 43.0, epochs, 11, time, 179.85680747032166
nodes, 20.0, edges, 43.0, epochs, 12, time, 179.65831756591797
nodes, 20.0, edges, 43.0, epochs, 13, time, 178.69364285469055
nodes, 20.0, edges, 43.0, epochs, 14, time, 188.80542516708374
nodes, 20.0, edges, 43.0, epochs, 15, time, 178.22180581092834
nodes, 20.0, edges, 43.0, epochs, 16, time, 180.42103552818298
nodes, 20.0, edges, 43.0, epochs, 17, time, 177.36565947532654
nodes, 20.0, edges, 43.0, epochs, 18, time, 177.97392773628235
nodes, 20.0, edges, 43.0, epochs, 19, time, 177.46816682815552
nodes, 20.0, edges, 43.0, epochs, 20, time, 177.77793741226196
nodes, 20.0, edges, 43.0, epochs, 21, time, 179.32054829597473
nodes, 20.0, edges, 43.0, epochs, 22, time, 170.88495135307312
nodes, 20.0, edges, 43.0, epochs, 23, time, 162.55747151374817
nodes, 20.0, edges, 43.0, epochs, 24, time, 163.25013089179993
nodes, 20.0, edges, 43.0, epochs, 25, time, 160.91019439697266
nodes, 20.0, edges, 43.0, epochs, 26, time, 160.65337657928467
nodes, 20.0, edges, 43.0, epochs, 27, time, 161.19183087348938
nodes, 20.0, edges, 43.0, epochs, 28, time, 160.8870325088501
nodes, 20.0, edges, 43.0, epochs, 29, time, 220.5694706439972
nodes, 20.0, edges, 48.0, epochs, -1, time, 192.33886337280273
nodes, 20.0, edges, 48.0, epochs, 0, time, 195.33040642738342
nodes, 20.0, edges, 48.0, epochs, 1, time, 191.30125665664673
nodes, 20.0, edges, 48.0, epochs, 2, time, 192.0331094264984
nodes, 20.0, edges, 48.0, epochs, 3, time, 191.51629519462585
nodes, 20.0, edges, 48.0, epochs, 4, time, 190.47821927070618
nodes, 20.0, edges, 48.0, epochs, 5, time, 192.82085967063904
nodes, 20.0, edges, 48.0, epochs, 6, time, 196.27956438064575
nodes, 20.0, edges, 48.0, epochs, 7, time, 193.200035572052
nodes, 20.0, edges, 48.0, epochs, 8, time, 193.41662049293518
nodes, 20.0, edges, 48.0, epochs, 9, time, 192.378258228302
nodes, 20.0, edges, 48.0, epochs, 10, time, 183.81065440177917
nodes, 20.0, edges, 48.0, epochs, 11, time, 178.11605668067932
nodes, 20.0, edges, 48.0, epochs, 12, time, 176.8608615398407
nodes, 20.0, edges, 48.0, epochs, 13, time, 184.5151228904724
nodes, 20.0, edges, 48.0, epochs, 14, time, 196.566730260849
nodes, 20.0, edges, 48.0, epochs, 15, time, 195.3935534954071
nodes, 20.0, edges, 48.0, epochs, 16, time, 193.17052793502808
nodes, 20.0, edges, 48.0, epochs, 17, time, 190.5699598789215
nodes, 20.0, edges, 48.0, epochs, 18, time, 190.91577243804932
nodes, 20.0, edges, 48.0, epochs, 19, time, 190.75660061836243
nodes, 20.0, edges, 48.0, epochs, 20, time, 191.73481702804565
nodes, 20.0, edges, 48.0, epochs, 21, time, 192.62130737304688
nodes, 20.0, edges, 48.0, epochs, 22, time, 193.34577441215515
nodes, 20.0, edges, 48.0, epochs, 23, time, 193.30958914756775
nodes, 20.0, edges, 48.0, epochs, 24, time, 192.77073049545288
nodes, 20.0, edges, 48.0, epochs, 25, time, 193.1480827331543
nodes, 20.0, edges, 48.0, epochs, 26, time, 176.85212016105652
nodes, 20.0, edges, 48.0, epochs, 27, time, 176.8217761516571
nodes, 20.0, edges, 48.0, epochs, 28, time, 177.2611939907074
nodes, 20.0, edges, 48.0, epochs, 29, time, 220.13598036766052
nodes, 20.0, edges, 34.0, epochs, -1, time, 79.6635251045227
nodes, 20.0, edges, 34.0, epochs, 0, time, 86.89665937423706
nodes, 20.0, edges, 34.0, epochs, 1, time, 88.97228980064392
nodes, 20.0, edges, 34.0, epochs, 2, time, 92.82737231254578
nodes, 20.0, edges, 34.0, epochs, 3, time, 85.33820223808289
nodes, 20.0, edges, 34.0, epochs, 4, time, 82.83298659324646
nodes, 20.0, edges, 34.0, epochs, 5, time, 79.62285256385803
nodes, 20.0, edges, 34.0, epochs, 6, time, 74.36774563789368
nodes, 20.0, edges, 34.0, epochs, 7, time, 85.50025629997253
nodes, 20.0, edges, 34.0, epochs, 8, time, 101.11413860321045
nodes, 20.0, edges, 34.0, epochs, 9, time, 93.31668782234192
nodes, 20.0, edges, 34.0, epochs, 10, time, 92.47037649154663
nodes, 20.0, edges, 34.0, epochs, 11, time, 93.27526879310608
nodes, 20.0, edges, 34.0, epochs, 12, time, 92.8946704864502
nodes, 20.0, edges, 34.0, epochs, 13, time, 93.60268998146057
nodes, 20.0, edges, 34.0, epochs, 14, time, 93.5675597190857
nodes, 20.0, edges, 34.0, epochs, 15, time, 93.47392320632935
nodes, 20.0, edges, 34.0, epochs, 16, time, 93.25379037857056
nodes, 20.0, edges, 34.0, epochs, 17, time, 93.29374742507935
nodes, 20.0, edges, 34.0, epochs, 18, time, 93.54359436035156
nodes, 20.0, edges, 34.0, epochs, 19, time, 93.13398671150208
nodes, 20.0, edges, 34.0, epochs, 20, time, 92.76091122627258
nodes, 20.0, edges, 34.0, epochs, 21, time, 92.88980722427368
nodes, 20.0, edges, 34.0, epochs, 22, time, 92.44202208518982
nodes, 20.0, edges, 34.0, epochs, 23, time, 92.96897912025452
nodes, 20.0, edges, 34.0, epochs, 24, time, 92.6815013885498
nodes, 20.0, edges, 34.0, epochs, 25, time, 92.32087683677673
nodes, 20.0, edges, 34.0, epochs, 26, time, 92.31038546562195
nodes, 20.0, edges, 34.0, epochs, 27, time, 87.8948302268982
nodes, 20.0, edges, 34.0, epochs, 28, time, 88.44512438774109
nodes, 20.0, edges, 34.0, epochs, 29, time, 110.26292371749878
nodes, 20.0, edges, 43.0, epochs, -1, time, 137.9347686767578
nodes, 20.0, edges, 43.0, epochs, 0, time, 150.65098214149475
nodes, 20.0, edges, 43.0, epochs, 1, time, 147.715069770813
nodes, 20.0, edges, 43.0, epochs, 2, time, 153.94477915763855
nodes, 20.0, edges, 43.0, epochs, 3, time, 152.516774892807
nodes, 20.0, edges, 43.0, epochs, 4, time, 150.69901728630066
nodes, 20.0, edges, 43.0, epochs, 5, time, 147.42765474319458
nodes, 20.0, edges, 43.0, epochs, 6, time, 150.68704986572266
nodes, 20.0, edges, 43.0, epochs, 7, time, 164.72148752212524
nodes, 20.0, edges, 43.0, epochs, 8, time, 160.21725130081177
nodes, 20.0, edges, 43.0, epochs, 9, time, 160.68366074562073
nodes, 20.0, edges, 43.0, epochs, 10, time, 160.95607590675354
nodes, 20.0, edges, 43.0, epochs, 11, time, 160.66599440574646
nodes, 20.0, edges, 43.0, epochs, 12, time, 159.83901405334473
nodes, 20.0, edges, 43.0, epochs, 13, time, 161.10758590698242
nodes, 20.0, edges, 43.0, epochs, 14, time, 160.17946219444275
nodes, 20.0, edges, 43.0, epochs, 15, time, 160.67162609100342
nodes, 20.0, edges, 43.0, epochs, 16, time, 158.87895703315735
nodes, 20.0, edges, 43.0, epochs, 17, time, 159.05032587051392
nodes, 20.0, edges, 43.0, epochs, 18, time, 158.7009880542755
nodes, 20.0, edges, 43.0, epochs, 19, time, 159.07138347625732
nodes, 20.0, edges, 43.0, epochs, 20, time, 159.12785720825195
nodes, 20.0, edges, 43.0, epochs, 21, time, 157.98600125312805
nodes, 20.0, edges, 43.0, epochs, 22, time, 155.42585468292236
nodes, 20.0, edges, 43.0, epochs, 23, time, 163.12965393066406
nodes, 20.0, edges, 43.0, epochs, 24, time, 162.73153066635132
nodes, 20.0, edges, 43.0, epochs, 25, time, 162.99694108963013
nodes, 20.0, edges, 43.0, epochs, 26, time, 165.60513281822205
nodes, 20.0, edges, 43.0, epochs, 27, time, 164.85181069374084
nodes, 20.0, edges, 43.0, epochs, 28, time, 164.962144613266
nodes, 20.0, edges, 43.0, epochs, 29, time, 213.6575789451599
nodes, 20.0, edges, 44.0, epochs, -1, time, 152.4228048324585
nodes, 20.0, edges, 44.0, epochs, 0, time, 170.71539783477783
nodes, 20.0, edges, 44.0, epochs, 1, time, 166.64271759986877
nodes, 20.0, edges, 44.0, epochs, 2, time, 162.83499121665955
nodes, 20.0, edges, 44.0, epochs, 3, time, 158.61822199821472
nodes, 20.0, edges, 44.0, epochs, 4, time, 154.01238226890564
nodes, 20.0, edges, 44.0, epochs, 5, time, 163.63346767425537
nodes, 20.0, edges, 44.0, epochs, 6, time, 164.43139553070068
nodes, 20.0, edges, 44.0, epochs, 7, time, 163.80794548988342
nodes, 20.0, edges, 44.0, epochs, 8, time, 162.45030856132507
nodes, 20.0, edges, 44.0, epochs, 9, time, 162.1299877166748
nodes, 20.0, edges, 44.0, epochs, 10, time, 160.9482011795044
nodes, 20.0, edges, 44.0, epochs, 11, time, 162.33351516723633
nodes, 20.0, edges, 44.0, epochs, 12, time, 161.8951814174652
nodes, 20.0, edges, 44.0, epochs, 13, time, 160.92367601394653
nodes, 20.0, edges, 44.0, epochs, 14, time, 160.90001344680786
nodes, 20.0, edges, 44.0, epochs, 15, time, 158.2323980331421
nodes, 20.0, edges, 44.0, epochs, 16, time, 157.70017504692078
nodes, 20.0, edges, 44.0, epochs, 17, time, 162.45569229125977
nodes, 20.0, edges, 44.0, epochs, 18, time, 162.90085577964783
nodes, 20.0, edges, 44.0, epochs, 19, time, 161.9399116039276
nodes, 20.0, edges, 44.0, epochs, 20, time, 162.032897233963
nodes, 20.0, edges, 44.0, epochs, 21, time, 160.95926713943481
nodes, 20.0, edges, 44.0, epochs, 22, time, 160.37599325180054
nodes, 20.0, edges, 44.0, epochs, 23, time, 160.12885570526123
nodes, 20.0, edges, 44.0, epochs, 24, time, 154.60036206245422
nodes, 20.0, edges, 44.0, epochs, 25, time, 149.34351539611816
nodes, 20.0, edges, 44.0, epochs, 26, time, 148.8194489479065
nodes, 20.0, edges, 44.0, epochs, 27, time, 148.69734263420105
nodes, 20.0, edges, 44.0, epochs, 28, time, 149.18295788764954
nodes, 20.0, edges, 44.0, epochs, 29, time, 185.60888957977295
nodes, 20.0, edges, 38.0, epochs, -1, time, 91.31499600410461
nodes, 20.0, edges, 38.0, epochs, 0, time, 91.4834349155426
nodes, 20.0, edges, 38.0, epochs, 1, time, 109.8537175655365
nodes, 20.0, edges, 38.0, epochs, 2, time, 114.08513855934143
nodes, 20.0, edges, 38.0, epochs, 3, time, 113.62622451782227
nodes, 20.0, edges, 38.0, epochs, 4, time, 112.47188353538513
nodes, 20.0, edges, 38.0, epochs, 5, time, 113.25026988983154
nodes, 20.0, edges, 38.0, epochs, 6, time, 112.24356770515442
nodes, 20.0, edges, 38.0, epochs, 7, time, 112.17268013954163
nodes, 20.0, edges, 38.0, epochs, 8, time, 111.46547365188599
nodes, 20.0, edges, 38.0, epochs, 9, time, 111.40714955329895
nodes, 20.0, edges, 38.0, epochs, 10, time, 111.34050607681274
nodes, 20.0, edges, 38.0, epochs, 11, time, 111.25720191001892
nodes, 20.0, edges, 38.0, epochs, 12, time, 111.70281076431274
nodes, 20.0, edges, 38.0, epochs, 13, time, 111.6458466053009
nodes, 20.0, edges, 38.0, epochs, 14, time, 111.82514500617981
nodes, 20.0, edges, 38.0, epochs, 15, time, 111.04556775093079
nodes, 20.0, edges, 38.0, epochs, 16, time, 111.02246856689453
nodes, 20.0, edges, 38.0, epochs, 17, time, 110.52848887443542
nodes, 20.0, edges, 38.0, epochs, 18, time, 111.51704430580139
nodes, 20.0, edges, 38.0, epochs, 19, time, 111.21722745895386
nodes, 20.0, edges, 38.0, epochs, 20, time, 110.97634649276733
nodes, 20.0, edges, 38.0, epochs, 21, time, 112.48681449890137
nodes, 20.0, edges, 38.0, epochs, 22, time, 103.88934540748596
nodes, 20.0, edges, 38.0, epochs, 23, time, 96.64734816551208
nodes, 20.0, edges, 38.0, epochs, 24, time, 92.23974585533142
nodes, 20.0, edges, 38.0, epochs, 25, time, 89.91436553001404
nodes, 20.0, edges, 38.0, epochs, 26, time, 87.89700293540955
nodes, 20.0, edges, 38.0, epochs, 27, time, 87.79933214187622
nodes, 20.0, edges, 38.0, epochs, 28, time, 88.27655386924744
nodes, 20.0, edges, 38.0, epochs, 29, time, 110.3517074584961
nodes, 20.0, edges, 45.0, epochs, -1, time, 132.8060474395752
nodes, 20.0, edges, 45.0, epochs, 0, time, 175.44920468330383
nodes, 20.0, edges, 45.0, epochs, 1, time, 172.77593994140625
nodes, 20.0, edges, 45.0, epochs, 2, time, 169.39991545677185
nodes, 20.0, edges, 45.0, epochs, 3, time, 170.8093843460083
nodes, 20.0, edges, 45.0, epochs, 4, time, 177.43646264076233
nodes, 20.0, edges, 45.0, epochs, 5, time, 176.8586437702179
nodes, 20.0, edges, 45.0, epochs, 6, time, 176.19410872459412
nodes, 20.0, edges, 45.0, epochs, 7, time, 176.72758531570435
nodes, 20.0, edges, 45.0, epochs, 8, time, 166.26633143424988
nodes, 20.0, edges, 45.0, epochs, 9, time, 163.5785984992981
nodes, 20.0, edges, 45.0, epochs, 10, time, 169.11119842529297
nodes, 20.0, edges, 45.0, epochs, 11, time, 169.48598265647888
nodes, 20.0, edges, 45.0, epochs, 12, time, 170.0083031654358
nodes, 20.0, edges, 45.0, epochs, 13, time, 174.23556089401245
nodes, 20.0, edges, 45.0, epochs, 14, time, 176.01387548446655
nodes, 20.0, edges, 45.0, epochs, 15, time, 176.15831851959229
nodes, 20.0, edges, 45.0, epochs, 16, time, 176.02932000160217
nodes, 20.0, edges, 45.0, epochs, 17, time, 175.92791557312012
nodes, 20.0, edges, 45.0, epochs, 18, time, 148.4669120311737
nodes, 20.0, edges, 45.0, epochs, 19, time, 140.85839128494263
nodes, 20.0, edges, 45.0, epochs, 20, time, 141.2039749622345
nodes, 20.0, edges, 45.0, epochs, 21, time, 139.71688508987427
nodes, 20.0, edges, 45.0, epochs, 22, time, 141.10637164115906
nodes, 20.0, edges, 45.0, epochs, 23, time, 137.1550326347351
nodes, 20.0, edges, 45.0, epochs, 24, time, 129.65741634368896
nodes, 20.0, edges, 45.0, epochs, 25, time, 145.38893365859985
nodes, 20.0, edges, 45.0, epochs, 26, time, 167.1556794643402
nodes, 20.0, edges, 45.0, epochs, 27, time, 167.02987146377563
nodes, 20.0, edges, 45.0, epochs, 28, time, 166.96500039100647
nodes, 20.0, edges, 45.0, epochs, 29, time, 213.45942521095276
nodes, 20.0, edges, 38.0, epochs, -1, time, 176.90848851203918
nodes, 20.0, edges, 38.0, epochs, 0, time, 192.71840524673462
nodes, 20.0, edges, 38.0, epochs, 1, time, 210.8576159477234
nodes, 20.0, edges, 38.0, epochs, 2, time, 231.42497086524963
nodes, 20.0, edges, 38.0, epochs, 3, time, 223.40206122398376
nodes, 20.0, edges, 38.0, epochs, 4, time, 223.98878383636475
nodes, 20.0, edges, 38.0, epochs, 5, time, 224.131516456604
nodes, 20.0, edges, 38.0, epochs, 6, time, 224.55913829803467
nodes, 20.0, edges, 38.0, epochs, 7, time, 225.0341305732727
nodes, 20.0, edges, 38.0, epochs, 8, time, 222.39809346199036
nodes, 20.0, edges, 38.0, epochs, 9, time, 238.2176387310028
nodes, 20.0, edges, 38.0, epochs, 10, time, 225.69864797592163
nodes, 20.0, edges, 38.0, epochs, 11, time, 213.38939666748047
nodes, 20.0, edges, 38.0, epochs, 12, time, 189.16399025917053
nodes, 20.0, edges, 38.0, epochs, 13, time, 180.16036891937256
nodes, 20.0, edges, 38.0, epochs, 14, time, 179.63900589942932
nodes, 20.0, edges, 38.0, epochs, 15, time, 177.11275601387024
nodes, 20.0, edges, 38.0, epochs, 16, time, 196.59551787376404
nodes, 20.0, edges, 38.0, epochs, 17, time, 225.66294479370117
nodes, 20.0, edges, 38.0, epochs, 18, time, 224.30967330932617
nodes, 20.0, edges, 38.0, epochs, 19, time, 221.84396719932556
nodes, 20.0, edges, 38.0, epochs, 20, time, 224.9129557609558
nodes, 20.0, edges, 38.0, epochs, 21, time, 222.939528465271
nodes, 20.0, edges, 38.0, epochs, 22, time, 214.85231924057007
nodes, 20.0, edges, 38.0, epochs, 23, time, 218.47482872009277
nodes, 20.0, edges, 38.0, epochs, 24, time, 216.53213262557983
nodes, 20.0, edges, 38.0, epochs, 25, time, 215.73699045181274
nodes, 20.0, edges, 38.0, epochs, 26, time, 208.02779960632324
nodes, 20.0, edges, 38.0, epochs, 27, time, 182.73026084899902
nodes, 20.0, edges, 38.0, epochs, 28, time, 175.93109130859375
nodes, 20.0, edges, 38.0, epochs, 29, time, 199.4937183856964
nodes, 20.0, edges, 40.0, epochs, -1, time, 84.69880247116089
nodes, 20.0, edges, 40.0, epochs, 0, time, 87.53199219703674
nodes, 20.0, edges, 40.0, epochs, 1, time, 86.76500916481018
nodes, 20.0, edges, 40.0, epochs, 2, time, 83.98196721076965
nodes, 20.0, edges, 40.0, epochs, 3, time, 81.34580039978027
nodes, 20.0, edges, 40.0, epochs, 4, time, 81.55863690376282
nodes, 20.0, edges, 40.0, epochs, 5, time, 81.10009741783142
nodes, 20.0, edges, 40.0, epochs, 6, time, 82.28855872154236
nodes, 20.0, edges, 40.0, epochs, 7, time, 91.0178325176239
nodes, 20.0, edges, 40.0, epochs, 8, time, 92.90763735771179
nodes, 20.0, edges, 40.0, epochs, 9, time, 93.05959248542786
nodes, 20.0, edges, 40.0, epochs, 10, time, 93.38893675804138
nodes, 20.0, edges, 40.0, epochs, 11, time, 93.63023114204407
nodes, 20.0, edges, 40.0, epochs, 12, time, 92.88326668739319
nodes, 20.0, edges, 40.0, epochs, 13, time, 93.70580577850342
nodes, 20.0, edges, 40.0, epochs, 14, time, 94.09536075592041
nodes, 20.0, edges, 40.0, epochs, 15, time, 94.12801885604858
nodes, 20.0, edges, 40.0, epochs, 16, time, 92.99891304969788
nodes, 20.0, edges, 40.0, epochs, 17, time, 93.23910021781921
nodes, 20.0, edges, 40.0, epochs, 18, time, 93.28242421150208
nodes, 20.0, edges, 40.0, epochs, 19, time, 93.82862591743469
nodes, 20.0, edges, 40.0, epochs, 20, time, 93.72072196006775
nodes, 20.0, edges, 40.0, epochs, 21, time, 94.43753910064697
nodes, 20.0, edges, 40.0, epochs, 22, time, 93.47608470916748
nodes, 20.0, edges, 40.0, epochs, 23, time, 93.20831370353699
nodes, 20.0, edges, 40.0, epochs, 24, time, 94.04465222358704
nodes, 20.0, edges, 40.0, epochs, 25, time, 93.76110053062439
nodes, 20.0, edges, 40.0, epochs, 26, time, 93.23649454116821
nodes, 20.0, edges, 40.0, epochs, 27, time, 92.57732129096985
nodes, 20.0, edges, 40.0, epochs, 28, time, 89.68705725669861
nodes, 20.0, edges, 40.0, epochs, 29, time, 108.58271956443787
nodes, 20.0, edges, 44.0, epochs, -1, time, 110.29009556770325
nodes, 20.0, edges, 44.0, epochs, 0, time, 118.53013563156128
nodes, 20.0, edges, 44.0, epochs, 1, time, 119.17721557617188
nodes, 20.0, edges, 44.0, epochs, 2, time, 121.13186883926392
nodes, 20.0, edges, 44.0, epochs, 3, time, 116.12995791435242
nodes, 20.0, edges, 44.0, epochs, 4, time, 115.04288172721863
nodes, 20.0, edges, 44.0, epochs, 5, time, 106.60865116119385
nodes, 20.0, edges, 44.0, epochs, 6, time, 106.57453608512878
nodes, 20.0, edges, 44.0, epochs, 7, time, 109.22611570358276
nodes, 20.0, edges, 44.0, epochs, 8, time, 109.52363753318787
nodes, 20.0, edges, 44.0, epochs, 9, time, 108.19743990898132
nodes, 20.0, edges, 44.0, epochs, 10, time, 110.30381894111633
nodes, 20.0, edges, 44.0, epochs, 11, time, 110.14751839637756
nodes, 20.0, edges, 44.0, epochs, 12, time, 109.59332394599915
nodes, 20.0, edges, 44.0, epochs, 13, time, 110.08411478996277
nodes, 20.0, edges, 44.0, epochs, 14, time, 110.81127262115479
nodes, 20.0, edges, 44.0, epochs, 15, time, 108.92735314369202
nodes, 20.0, edges, 44.0, epochs, 16, time, 109.28602242469788
nodes, 20.0, edges, 44.0, epochs, 17, time, 109.44967198371887
nodes, 20.0, edges, 44.0, epochs, 18, time, 110.39131259918213
nodes, 20.0, edges, 44.0, epochs, 19, time, 107.32967138290405
nodes, 20.0, edges, 44.0, epochs, 20, time, 107.64484667778015
nodes, 20.0, edges, 44.0, epochs, 21, time, 108.53895306587219
nodes, 20.0, edges, 44.0, epochs, 22, time, 110.3497371673584
nodes, 20.0, edges, 44.0, epochs, 23, time, 112.4070954322815
nodes, 20.0, edges, 44.0, epochs, 24, time, 105.87102246284485
nodes, 20.0, edges, 44.0, epochs, 25, time, 108.88940834999084
nodes, 20.0, edges, 44.0, epochs, 26, time, 111.77104258537292
nodes, 20.0, edges, 44.0, epochs, 27, time, 108.2413923740387
nodes, 20.0, edges, 44.0, epochs, 28, time, 108.61249780654907
nodes, 20.0, edges, 44.0, epochs, 29, time, 138.0756938457489
nodes, 20.0, edges, 42.0, epochs, -1, time, 110.54297542572021
nodes, 20.0, edges, 42.0, epochs, 0, time, 117.71663570404053
nodes, 20.0, edges, 42.0, epochs, 1, time, 116.42316174507141
nodes, 20.0, edges, 42.0, epochs, 2, time, 120.22489809989929
nodes, 20.0, edges, 42.0, epochs, 3, time, 120.17046117782593
nodes, 20.0, edges, 42.0, epochs, 4, time, 120.17344117164612
nodes, 20.0, edges, 42.0, epochs, 5, time, 119.6529643535614
nodes, 20.0, edges, 42.0, epochs, 6, time, 118.86838340759277
nodes, 20.0, edges, 42.0, epochs, 7, time, 120.54197573661804
nodes, 20.0, edges, 42.0, epochs, 8, time, 118.71506881713867
nodes, 20.0, edges, 42.0, epochs, 9, time, 118.88294768333435
nodes, 20.0, edges, 42.0, epochs, 10, time, 116.47331523895264
nodes, 20.0, edges, 42.0, epochs, 11, time, 117.8928759098053
nodes, 20.0, edges, 42.0, epochs, 12, time, 119.51761651039124
nodes, 20.0, edges, 42.0, epochs, 13, time, 120.62977147102356
nodes, 20.0, edges, 42.0, epochs, 14, time, 121.45419478416443
nodes, 20.0, edges, 42.0, epochs, 15, time, 121.8433346748352
nodes, 20.0, edges, 42.0, epochs, 16, time, 120.58521676063538
nodes, 20.0, edges, 42.0, epochs, 17, time, 121.411386013031
nodes, 20.0, edges, 42.0, epochs, 18, time, 120.83539056777954
nodes, 20.0, edges, 42.0, epochs, 19, time, 121.56170773506165
nodes, 20.0, edges, 42.0, epochs, 20, time, 119.9651288986206
nodes, 20.0, edges, 42.0, epochs, 21, time, 120.36564898490906
nodes, 20.0, edges, 42.0, epochs, 22, time, 118.99586725234985
nodes, 20.0, edges, 42.0, epochs, 23, time, 121.4031720161438
nodes, 20.0, edges, 42.0, epochs, 24, time, 122.24790811538696
nodes, 20.0, edges, 42.0, epochs, 25, time, 121.62743425369263
nodes, 20.0, edges, 42.0, epochs, 26, time, 121.84356880187988
nodes, 20.0, edges, 42.0, epochs, 27, time, 123.13754630088806
nodes, 20.0, edges, 42.0, epochs, 28, time, 122.2954170703888
nodes, 20.0, edges, 42.0, epochs, 29, time, 150.42204880714417
nodes, 20.0, edges, 48.0, epochs, -1, time, 149.28572726249695
nodes, 20.0, edges, 48.0, epochs, 0, time, 153.02871584892273
nodes, 20.0, edges, 48.0, epochs, 1, time, 151.90042686462402
nodes, 20.0, edges, 48.0, epochs, 2, time, 151.68489003181458
nodes, 20.0, edges, 48.0, epochs, 3, time, 149.6570963859558
nodes, 20.0, edges, 48.0, epochs, 4, time, 149.05570363998413
nodes, 20.0, edges, 48.0, epochs, 5, time, 155.89522647857666
nodes, 20.0, edges, 48.0, epochs, 6, time, 152.60868525505066
nodes, 20.0, edges, 48.0, epochs, 7, time, 153.42705082893372
nodes, 20.0, edges, 48.0, epochs, 8, time, 153.56865191459656
nodes, 20.0, edges, 48.0, epochs, 9, time, 149.46749877929688
nodes, 20.0, edges, 48.0, epochs, 10, time, 153.9832022190094
nodes, 20.0, edges, 48.0, epochs, 11, time, 149.1958794593811
nodes, 20.0, edges, 48.0, epochs, 12, time, 149.6446418762207
nodes, 20.0, edges, 48.0, epochs, 13, time, 151.42884421348572
nodes, 20.0, edges, 48.0, epochs, 14, time, 150.74291443824768
nodes, 20.0, edges, 48.0, epochs, 15, time, 149.29000806808472
nodes, 20.0, edges, 48.0, epochs, 16, time, 151.6061716079712
nodes, 20.0, edges, 48.0, epochs, 17, time, 148.92890214920044
nodes, 20.0, edges, 48.0, epochs, 18, time, 150.81088089942932
nodes, 20.0, edges, 48.0, epochs, 19, time, 151.76012992858887
nodes, 20.0, edges, 48.0, epochs, 20, time, 150.40263748168945
nodes, 20.0, edges, 48.0, epochs, 21, time, 152.76567673683167
nodes, 20.0, edges, 48.0, epochs, 22, time, 148.37975811958313
nodes, 20.0, edges, 48.0, epochs, 23, time, 152.1383273601532
nodes, 20.0, edges, 48.0, epochs, 24, time, 152.1325135231018
nodes, 20.0, edges, 48.0, epochs, 25, time, 148.9735324382782
nodes, 20.0, edges, 48.0, epochs, 26, time, 147.543940782547
nodes, 20.0, edges, 48.0, epochs, 27, time, 152.07530665397644
nodes, 20.0, edges, 48.0, epochs, 28, time, 147.2719783782959
nodes, 20.0, edges, 48.0, epochs, 29, time, 189.95708012580872
nodes, 20.0, edges, 40.0, epochs, -1, time, 95.05140733718872
nodes, 20.0, edges, 40.0, epochs, 0, time, 104.62233352661133
nodes, 20.0, edges, 40.0, epochs, 1, time, 102.9260094165802
nodes, 20.0, edges, 40.0, epochs, 2, time, 107.07555842399597
nodes, 20.0, edges, 40.0, epochs, 3, time, 106.35010528564453
nodes, 20.0, edges, 40.0, epochs, 4, time, 103.97907376289368
nodes, 20.0, edges, 40.0, epochs, 5, time, 102.83424401283264
nodes, 20.0, edges, 40.0, epochs, 6, time, 101.79413962364197
nodes, 20.0, edges, 40.0, epochs, 7, time, 101.59358596801758
nodes, 20.0, edges, 40.0, epochs, 8, time, 102.43899059295654
nodes, 20.0, edges, 40.0, epochs, 9, time, 101.89052987098694
nodes, 20.0, edges, 40.0, epochs, 10, time, 100.74798107147217
nodes, 20.0, edges, 40.0, epochs, 11, time, 102.11135363578796
nodes, 20.0, edges, 40.0, epochs, 12, time, 101.10400342941284
nodes, 20.0, edges, 40.0, epochs, 13, time, 101.93649625778198
nodes, 20.0, edges, 40.0, epochs, 14, time, 101.31376123428345
nodes, 20.0, edges, 40.0, epochs, 15, time, 101.10544610023499
nodes, 20.0, edges, 40.0, epochs, 16, time, 102.20955514907837
nodes, 20.0, edges, 40.0, epochs, 17, time, 102.45274353027344
nodes, 20.0, edges, 40.0, epochs, 18, time, 102.96858978271484
nodes, 20.0, edges, 40.0, epochs, 19, time, 103.71341323852539
nodes, 20.0, edges, 40.0, epochs, 20, time, 105.50743985176086
nodes, 20.0, edges, 40.0, epochs, 21, time, 105.75641393661499
nodes, 20.0, edges, 40.0, epochs, 22, time, 104.91143774986267
nodes, 20.0, edges, 40.0, epochs, 23, time, 105.67934012413025
nodes, 20.0, edges, 40.0, epochs, 24, time, 103.72883915901184
nodes, 20.0, edges, 40.0, epochs, 25, time, 104.91864252090454
nodes, 20.0, edges, 40.0, epochs, 26, time, 107.11089444160461
nodes, 20.0, edges, 40.0, epochs, 27, time, 105.65545701980591
nodes, 20.0, edges, 40.0, epochs, 28, time, 103.11881422996521
nodes, 20.0, edges, 40.0, epochs, 29, time, 127.78604435920715
nodes, 20.0, edges, 56.0, epochs, -1, time, 206.2648961544037
nodes, 20.0, edges, 56.0, epochs, 0, time, 222.2480595111847
nodes, 20.0, edges, 56.0, epochs, 1, time, 217.55591821670532
nodes, 20.0, edges, 56.0, epochs, 2, time, 214.43483805656433
nodes, 20.0, edges, 56.0, epochs, 3, time, 216.63259053230286
nodes, 20.0, edges, 56.0, epochs, 4, time, 215.14364099502563
nodes, 20.0, edges, 56.0, epochs, 5, time, 216.89267873764038
nodes, 20.0, edges, 56.0, epochs, 6, time, 218.14800238609314
nodes, 20.0, edges, 56.0, epochs, 7, time, 215.671293258667
nodes, 20.0, edges, 56.0, epochs, 8, time, 214.61614632606506
nodes, 20.0, edges, 56.0, epochs, 9, time, 218.64269161224365
nodes, 20.0, edges, 56.0, epochs, 10, time, 214.37292504310608
nodes, 20.0, edges, 56.0, epochs, 11, time, 214.70268273353577
nodes, 20.0, edges, 56.0, epochs, 12, time, 217.7101719379425
nodes, 20.0, edges, 56.0, epochs, 13, time, 215.1637225151062
nodes, 20.0, edges, 56.0, epochs, 14, time, 214.55494475364685
nodes, 20.0, edges, 56.0, epochs, 15, time, 212.1427686214447
nodes, 20.0, edges, 56.0, epochs, 16, time, 215.57378244400024
nodes, 20.0, edges, 56.0, epochs, 17, time, 212.52472114562988
nodes, 20.0, edges, 56.0, epochs, 18, time, 215.1230342388153
nodes, 20.0, edges, 56.0, epochs, 19, time, 211.28356742858887
nodes, 20.0, edges, 56.0, epochs, 20, time, 208.12561225891113
nodes, 20.0, edges, 56.0, epochs, 21, time, 207.910626411438
nodes, 20.0, edges, 56.0, epochs, 22, time, 210.0381305217743
nodes, 20.0, edges, 56.0, epochs, 23, time, 210.49213790893555
nodes, 20.0, edges, 56.0, epochs, 24, time, 211.1133246421814
nodes, 20.0, edges, 56.0, epochs, 25, time, 209.93783974647522
nodes, 20.0, edges, 56.0, epochs, 26, time, 209.4796724319458
nodes, 20.0, edges, 56.0, epochs, 27, time, 211.77241921424866
nodes, 20.0, edges, 56.0, epochs, 28, time, 209.67423915863037
nodes, 20.0, edges, 56.0, epochs, 29, time, 264.8118562698364
nodes, 20.0, edges, 45.0, epochs, -1, time, 118.33077883720398
nodes, 20.0, edges, 45.0, epochs, 0, time, 130.50938749313354
nodes, 20.0, edges, 45.0, epochs, 1, time, 131.31598234176636
nodes, 20.0, edges, 45.0, epochs, 2, time, 128.6501305103302
nodes, 20.0, edges, 45.0, epochs, 3, time, 129.26721835136414
nodes, 20.0, edges, 45.0, epochs, 4, time, 129.42313027381897
nodes, 20.0, edges, 45.0, epochs, 5, time, 130.55827045440674
nodes, 20.0, edges, 45.0, epochs, 6, time, 129.02661108970642
nodes, 20.0, edges, 45.0, epochs, 7, time, 130.44812297821045
nodes, 20.0, edges, 45.0, epochs, 8, time, 129.45553755760193
nodes, 20.0, edges, 45.0, epochs, 9, time, 128.60340118408203
nodes, 20.0, edges, 45.0, epochs, 10, time, 130.77733087539673
nodes, 20.0, edges, 45.0, epochs, 11, time, 128.63883805274963
nodes, 20.0, edges, 45.0, epochs, 12, time, 129.0227973461151
nodes, 20.0, edges, 45.0, epochs, 13, time, 130.1392903327942
nodes, 20.0, edges, 45.0, epochs, 14, time, 130.1462812423706
nodes, 20.0, edges, 45.0, epochs, 15, time, 130.13495421409607
nodes, 20.0, edges, 45.0, epochs, 16, time, 130.23037099838257
nodes, 20.0, edges, 45.0, epochs, 17, time, 130.56222987174988
nodes, 20.0, edges, 45.0, epochs, 18, time, 131.49676942825317
nodes, 20.0, edges, 45.0, epochs, 19, time, 132.0958833694458
nodes, 20.0, edges, 45.0, epochs, 20, time, 130.4514229297638
nodes, 20.0, edges, 45.0, epochs, 21, time, 130.81430006027222
nodes, 20.0, edges, 45.0, epochs, 22, time, 130.09017157554626
nodes, 20.0, edges, 45.0, epochs, 23, time, 128.70067071914673
nodes, 20.0, edges, 45.0, epochs, 24, time, 128.48621559143066
nodes, 20.0, edges, 45.0, epochs, 25, time, 127.44345784187317
nodes, 20.0, edges, 45.0, epochs, 26, time, 128.1544234752655
nodes, 20.0, edges, 45.0, epochs, 27, time, 127.63466000556946
nodes, 20.0, edges, 45.0, epochs, 28, time, 128.16208481788635
nodes, 20.0, edges, 45.0, epochs, 29, time, 162.47386860847473
nodes, 20.0, edges, 46.0, epochs, -1, time, 128.19386172294617
nodes, 20.0, edges, 46.0, epochs, 0, time, 144.786967754364
nodes, 20.0, edges, 46.0, epochs, 1, time, 144.01351809501648
nodes, 20.0, edges, 46.0, epochs, 2, time, 151.08550477027893
nodes, 20.0, edges, 46.0, epochs, 3, time, 141.70679926872253
nodes, 20.0, edges, 46.0, epochs, 4, time, 139.67325162887573
nodes, 20.0, edges, 46.0, epochs, 5, time, 141.54979038238525
nodes, 20.0, edges, 46.0, epochs, 6, time, 137.98796820640564
nodes, 20.0, edges, 46.0, epochs, 7, time, 141.40036010742188
nodes, 20.0, edges, 46.0, epochs, 8, time, 132.97020483016968
nodes, 20.0, edges, 46.0, epochs, 9, time, 132.88070702552795
nodes, 20.0, edges, 46.0, epochs, 10, time, 132.65790700912476
nodes, 20.0, edges, 46.0, epochs, 11, time, 131.17072105407715
nodes, 20.0, edges, 46.0, epochs, 12, time, 130.46311926841736
nodes, 20.0, edges, 46.0, epochs, 13, time, 139.12803745269775
nodes, 20.0, edges, 46.0, epochs, 14, time, 131.3054130077362
nodes, 20.0, edges, 46.0, epochs, 15, time, 131.11598420143127
nodes, 20.0, edges, 46.0, epochs, 16, time, 130.59280562400818
nodes, 20.0, edges, 46.0, epochs, 17, time, 130.38015413284302
nodes, 20.0, edges, 46.0, epochs, 18, time, 131.42317485809326
nodes, 20.0, edges, 46.0, epochs, 19, time, 130.8722426891327
nodes, 20.0, edges, 46.0, epochs, 20, time, 130.88908553123474
nodes, 20.0, edges, 46.0, epochs, 21, time, 131.05450677871704
nodes, 20.0, edges, 46.0, epochs, 22, time, 130.5907130241394
nodes, 20.0, edges, 46.0, epochs, 23, time, 129.88610792160034
nodes, 20.0, edges, 46.0, epochs, 24, time, 137.20562553405762
nodes, 20.0, edges, 46.0, epochs, 25, time, 130.95612478256226
nodes, 20.0, edges, 46.0, epochs, 26, time, 133.91529035568237
nodes, 20.0, edges, 46.0, epochs, 27, time, 131.87007594108582
nodes, 20.0, edges, 46.0, epochs, 28, time, 131.73411512374878
nodes, 20.0, edges, 46.0, epochs, 29, time, 168.7847285270691
